<?xml version="1.0" encoding="UTF-8"?>
<project-private xmlns="http://www.netbeans.org/ns/project-private/1">
    <editor-bookmarks xmlns="http://www.netbeans.org/ns/editor-bookmarks/2" lastBookmarkId="0"/>
    <open-files xmlns="http://www.netbeans.org/ns/projectui-open-files/2">
        <group>
            <file>file:/D:/Documents/Diseño_de_software/ACT03-04_Eduardo_Josue_Nicole/CanjeMedicamentos%20Caso%201/src/model/Farmacia.java</file>
            <file>file:/D:/Documents/Diseño_de_software/ACT03-04_Eduardo_Josue_Nicole/CanjeMedicamentos%20Caso%201/src/controller/DTOProductos.java</file>
            <file>file:/D:/Documents/Diseño_de_software/ACT03-04_Eduardo_Josue_Nicole/CanjeMedicamentos%20Caso%201/src/view/FrmCatalogos.java</file>
            <file>file:/D:/Documents/Diseño_de_software/ACT03-04_Eduardo_Josue_Nicole/CanjeMedicamentos%20Caso%201/src/controller/GestorProductos.java</file>
            <file>file:/D:/Documents/Diseño_de_software/ACT03-04_Eduardo_Josue_Nicole/CanjeMedicamentos%20Caso%201/src/controller/DTOFarmacia.java</file>
            <file>file:/D:/Documents/Diseño_de_software/ACT03-04_Eduardo_Josue_Nicole/CanjeMedicamentos%20Caso%201/src/controller/DAO_Imp_Productos.java</file>
            <file>file:/D:/Documents/Diseño_de_software/ACT03-04_Eduardo_Josue_Nicole/CanjeMedicamentos%20Caso%201/src/controller/Controlador.java</file>
            <file>file:/D:/Documents/Diseño_de_software/ACT03-04_Eduardo_Josue_Nicole/CanjeMedicamentos%20Caso%201/src/controller/DAO_Imp_Farmacia.java</file>
        </group>
    </open-files>
</project-private>
